"","word","rank","flag","mildflag","hunspell_check"
"1","sex",989,1,0,1
"2","sexual",2300,1,0,1
"3","porn",3006,1,0,1
"4","ass",3114,1,0,1
"5","sexy",3894,1,0,1
"6","shit",4065,1,0,1
"7","fuck",4083,1,0,1
"8","fucking",4092,1,0,1
"9","cock",4200,1,0,1
"10","pussy",4467,1,0,1
"11","damn",5156,1,0,1
"12","crap",5511,1,0,1
"13","suck",6953,1,0,1
"14","cum",7226,1,0,1
"15","flesh",7534,1,0,1
"16","fucked",7567,1,0,1
"17","tits",7866,1,0,1
"18","sucks",7902,1,0,1
"19","dick",7905,1,0,1
"20","nude",7917,1,0,1
"21","sexually",9275,1,0,1
"22","bitch",10187,1,0,1
"23","horny",10531,1,0,1
"24","sucking",10597,1,0,1
"25","boobs",11482,1,0,1
"26","sucked",11614,1,0,1
"27","pissed",12978,0,1,1
"28","bullshit",13845,1,0,1
"29","crappy",14279,1,0,1
"30","milf",14760,1,0,1
"31","pee",14967,0,1,1
"32","asshole",15299,1,0,1
"33","piss",15505,0,1,1
"34","slut",15838,0,1,1
"35","cocks",16016,1,0,1
"36","damned",16109,1,0,1
"38","fucks",16335,1,0,1
"39","spit",16945,0,1,1
"40","poop",17006,0,1,1
"41","blowjob",17065,1,0,1
"42","cockpit",17747,1,0,1
"44","sucker",19190,1,0,1
"46","masturbation",19548,1,0,1
"47","whore",19800,0,1,1
"48","porno",19801,1,0,1
"49","threesome",20010,0,1,1
"50","cunt",20260,1,0,1
"51","shitty",20770,1,0,1
"52","bastard",21944,0,1,1
"53","bum",22074,0,1,1
"54","pissing",22539,0,1,1
"55","nudity",22983,1,0,1
"56","booze",23145,0,1,1
"57","pornstar",23807,1,0,0
"58","dicks",24585,1,0,1
"59","orgy",25065,0,1,1
"60","peeing",25953,0,1,1
"61","sexes",26188,1,0,1
"62","tranny",27085,1,0,0
"63","poo",27174,0,1,1
"64","pornstars",27250,1,0,0
"65","shemale",27259,1,0,0
"66","arse",27405,1,0,0
"67","stink",27532,0,1,1
"68","bitches",27606,1,0,1
"69","masturbating",28099,1,0,1
"70","assholes",28358,1,0,1
"71","sluts",28727,0,1,1
"72","clit",28734,1,0,1
"73","vibrator",29225,1,0,1
"74","squirt",29856,1,0,1
"75","spitting",30051,0,1,1
"76","boob",30887,1,0,1
"77","bastards",30909,0,1,1
"78","pussies",31158,1,0,1
"79","lube",31301,1,0,1
"80","fuckin",31302,1,0,0
"81","cumshot",31806,1,0,0
"82","fart",32659,1,0,1
"83","gangbang",32685,1,0,0
"84","ejaculation",33039,0,1,1
"85","perverted",33244,0,1,1
"86","milfs",33693,1,0,1
"87","blowjobs",34587,1,0,1
"88","goddamn",34816,1,0,1
"89","stinks",35252,0,1,1
"90","sexiest",35788,1,0,1
"91","masturbate",36621,1,0,1
"92","suckers",36961,1,0,1
"93","damning",37145,1,0,1
"94","squirting",37835,1,0,1
"95","whores",38037,0,1,1
"96","cocky",38247,1,0,1
"97","stinky",38654,0,1,1
"98","hooker",38898,0,1,1
"99","slutty",38920,0,1,1
"100","douche",39014,1,0,1
"101","nudist",39559,1,0,1
"102","creampie",39569,1,0,0
"103","friggin",39997,0,1,0
"104","motherfucker",41403,1,0,1
"105","stinking",41488,0,1,1
"106","bitching",41613,1,0,1
"108","pisses",42563,0,1,1
"109","pervert",42620,0,1,1
"111","twat",44217,0,1,1
"112","pooping",44277,0,1,1
"113","fleshy",44356,1,0,1
"114","puke",44560,0,1,1
"115","handjob",44634,1,0,0
"116","pedophile",44826,0,1,1
"117","bareback",45650,0,1,1
"118","redneck",45785,0,1,1
"119","shitting",46896,1,0,1
"120","nudes",47622,1,0,1
"121","fleshed",47788,1,0,1
"122","titties",47857,1,0,1
"123","spits",47900,0,1,1
"124","cumshots",48202,1,0,0
"125","fanfic",48257,0,1,0
"126","cumming",49071,1,0,1
"127","turd",49320,1,0,1
"128","cuckold",49975,1,0,1
"129","dumbass",49977,1,0,0
"130","cocked",50301,1,0,1
"131","cums",50403,1,0,1
"132","jizz",50447,1,0,0
"133","bums",50712,0,1,1
"134","fucker",51273,1,0,1
"135","farts",51635,1,0,1
"136","snot",52180,0,1,1
"137","sexier",52398,1,0,1
"138","boner",52425,1,0,1
"139","fanfiction",52529,0,1,0
"140","orgies",52693,0,1,1
"141","vibrators",52979,1,0,1
"142","boobies",52992,1,0,1
"143","clitoris",53382,1,0,1
"144","peed",53822,0,1,1
"145","nigger",54245,1,0,1
"146","pedophilia",54882,0,1,1
"147","shits",54946,1,0,1
"148","bitchy",55191,1,0,1
"149","bdsm",55421,1,0,0
"150","crapping",56010,1,0,1
"151","threesomes",56937,0,1,1
"152","damnation",56997,1,0,1
"153","masturbates",57260,1,0,1
"154","fuckers",57314,1,0,1
"155","fag",57489,0,1,1
"156","pedophiles",57798,0,1,1
"157","hookers",57939,0,1,1
"158","deepthroat",58738,1,0,0
"159","nudged",59522,1,0,1
"160","upskirt",59593,1,0,0
"161","stinkin",60039,0,1,0
"162","shite",60125,1,0,0
"163","hobo",60441,0,1,1
"164","faggot",60654,0,1,1
"165","pooped",60809,0,1,1
"166","douchebag",60973,1,0,0
"167","poof",61141,0,1,1
"168","boozy",63582,0,1,1
"169","fornication",63695,0,1,1
"170","craps",65221,1,0,1
"172","perverts",67087,0,1,1
"173","kickass",67279,1,0,0
"174","nudging",67768,1,0,1
"175","snotty",69137,0,1,1
"176","sexting",69319,1,0,1
"177","farting",69643,1,0,1
"178","squirts",69823,1,0,1
"179","cameltoe",70872,1,0,0
"180","sucky",70937,1,0,0
"181","sexiness",71841,1,0,1
"182","puking",72695,0,1,1
"183","cunts",73052,1,0,1
"185","wanking",74071,1,0,1
"186","ejaculate",74095,0,1,1
"187","titty",74353,1,0,1
"188","booby",74712,1,0,1
"189","wank",74725,1,0,1
"190","shemales",75056,1,0,0
"191","puss",76268,1,0,1
"192","nudism",76335,1,0,1
"193","rednecks",77767,0,1,1
"194","crappie",80182,1,0,1
"195","leche",81580,0,1,0
"196","grouchy",82437,0,1,1
"197","poops",83285,0,1,1
"198","nudges",83326,1,0,1
"199","slob",83348,0,1,1
"200","fleshing",84616,1,0,1
"201","barf",85059,0,1,1
"202","goddamned",85347,1,0,1
"203","fags",86488,0,1,1
"204","nudists",87189,1,0,1
"206","niggers",88220,1,0,1
"207","transvestite",89458,0,1,1
"208","clitoral",89807,1,0,1
"209","batshit",90154,1,0,0
"210","titted",91280,1,0,0
"211","squirted",91927,1,0,1
"212","stinker",92032,0,1,1
"213","shitload",92176,1,0,1
"214","cocker",92312,1,0,0
"215","womanizer",92995,0,1,1
"216","lubed",93961,1,0,1
"217","turds",95503,1,0,1
"218","assed",95723,1,0,0
"219","ladyboy",96353,1,0,0
"220","damnit",96582,1,0,0
"221","puked",96612,0,1,1
"222","wuss",97045,0,1,1
"223","frigging",97049,0,1,1
"224","gangbanged",97790,1,0,0
"225","masturbated",97901,1,0,1
"226","sexpert",99424,1,0,0
"227","sextet",99676,1,0,1
"228","arsed",100240,1,0,1
"229","crapped",100394,1,0,1
"230","wench",100550,0,1,1
"231","tittle",101304,1,0,1
"232","motherfuckers",101563,1,0,1
"233","nud",101919,1,0,0
"234","poopy",101982,0,1,0
"235","cockpits",104264,1,0,1
"236","douchebags",104710,1,0,0
"237","schmuck",104800,0,1,1
"238","motherfucking",105129,1,0,1
"239","perv",105886,0,1,1
"240","fleshly",106018,1,0,1
"241","petits",108694,1,0,0
"242","wanker",108800,1,0,1
"243","dickhead",109015,1,0,1
"244","masturbations",109943,1,0,0
"245","belching",110724,0,1,1
"246","arses",111062,1,0,0
"247","faggots",111149,0,1,1
"248","pubescent",111953,1,0,1
"249","lecherous",112066,0,1,1
"250","milfseeker",112799,1,0,0
"251","trannies",113018,1,0,0
"252","ejaculating",113084,0,1,1
"253","chink",113918,1,0,1
"254","boobed",114608,1,0,1
"255","handjobs",114741,1,0,0
"256","pooper",114761,0,1,0
"257","pubes",116408,1,0,1
"258","twats",117856,0,1,1
"259","lubes",118500,1,0,1
"260","honky",118567,0,1,1
"261","pornhub",119168,1,0,0
"262","boozing",119677,0,1,1
"263","youporn",120053,1,0,0
"264","bigtits",120168,1,0,0
"265","dicked",120257,1,0,0
"266","masterbating",120753,1,0,0
"267","farted",120798,1,0,1
"268","horseshit",121725,1,0,1
"269","cocksucker",122025,1,0,1
"270","sexed",122136,1,0,1
"271","fap",123045,1,0,0
"272","nudibranch",123298,1,0,0
"273","nympho",123708,0,1,1
"274","cockles",123769,1,0,1
"275","sexless",124265,1,0,1
"276","bitched",124483,1,0,1
"277","arsehole",124507,1,0,0
"278","dicking",124641,1,0,0
"279","bitchin",124970,1,0,0
"280","upskirts",130274,1,0,0
"281","slobbering",131018,0,1,1
"282","clits",131340,1,0,1
"283","ejaculated",131535,0,1,1
"284","sexstar",131866,1,0,0
"285","crapshoot",132324,1,0,0
"286","shithole",132373,1,0,0
"287","denuded",132475,1,0,1
"288","prepubescent",132491,1,0,1
"289","creampies",132691,1,0,0
"290","perverting",132719,0,1,1
"291","sexing",132808,1,0,1
"292","poofy",132931,0,1,0
"293","clusterfuck",133593,1,0,0
"295","dimwitted",134557,0,1,1
"296","pedo",134646,0,1,0
"297","creampied",135144,1,0,0
"298","fuckable",135404,1,0,0
"299","cocksucking",135739,1,0,0
"300","slobber",136814,0,1,1
"301","spittle",137389,0,1,1
"302","crapper",138651,1,0,1
"303","bastardized",138748,0,1,1
"304","seersucker",139046,1,0,1
"305","dipshit",140181,1,0,0
"306","wankers",141012,1,0,1
"307","ejaculates",142168,0,1,1
"308","shitless",143769,1,0,0
"309","dumbasses",143861,1,0,0
"310","hobos",144877,0,1,1
"311","damnable",145159,1,0,1
"312","strop",145225,0,1,1
"313","gangbangs",145819,1,0,0
"314","dickens",146527,1,0,1
"315","slobs",147533,0,1,1
"316","cummings",148069,1,0,0
"317","boners",148449,1,0,1
"318","jizzed",148955,1,0,0
"319","sextape",149475,1,0,0
"320","belch",149702,0,1,1
"321","sextile",152015,1,0,0
"322","porntube",152826,1,0,0
"323","sicko",153402,0,1,1
"324","damnedest",153844,1,0,1
"325","arsenide",154658,1,0,0
"326","shitstorm",154984,1,0,0
"327","bullshitting",155303,1,0,1
"328","douchey",155456,1,0,0
"329","shiting",155741,1,0,0
"330","horniest",155823,1,0,1
"331","woodcock",157900,1,0,1
"333","sextuplets",159116,1,0,1
"334","crackhead",160594,0,1,1
"335","fucken",160722,1,0,0
"336","sexton",161686,1,0,1
"337","transvestites",161912,0,1,1
"338","cockfighting",162153,1,0,1
"339","wanks",162593,1,0,1
"340","cockiness",162893,1,0,1
"341","bullcrap",163181,1,0,0
"342","douches",164744,1,0,1
"343","craptastic",165194,1,0,0
"344","deepthroating",165936,1,0,0
"345","stinkers",166113,0,1,1
"346","shitter",167573,1,0,0
"347","masturbatory",167726,1,0,1
"348","ladyboys",168296,1,0,0
"349","chinks",168339,1,0,1
"350","cummins",168448,1,0,0
"351","whorehouse",168559,0,1,1
"352","pervs",168715,0,1,1
"353","hussy",169048,0,1,1
"354","deepthroats",169495,1,0,0
"355","pukes",169788,0,1,1
"356","pubescens",169867,1,0,0
"358","boozer",172249,0,1,1
"359","sexo",172542,1,0,0
"360","wop",172734,1,0,1
"361","fleshes",172842,1,0,1
"362","cummed",172850,1,0,0
"363","cameltoes",173669,1,0,0
"364","pornos",176317,1,0,0
"365","desnuda",179607,1,0,0
"366","crappiest",180388,1,0,1
"367","fleshlight",181265,1,0,0
"368","cuck",181507,1,0,0
"369","masturbator",182260,1,0,0
"370","barfing",183156,0,1,1
"371","grouch",183218,0,1,1
"372","hornier",183536,1,0,1
"373","dimwit",184244,0,1,1
"375","crapload",184585,1,0,0
"376","shithead",184851,1,0,1
"377","nymphomaniac",185194,0,1,1
"378","crappier",185682,1,0,1
"379","cume",186620,1,0,0
"380","crapola",187215,1,0,0
"381","arsenate",187482,1,0,0
"382","masterbation",187660,1,0,0
"383","crape",188162,1,0,1
"384","snigger",188353,0,1,0
"385","cuckolding",189122,1,0,1
"386","apeshit",189220,1,0,0
"387","nymphos",191644,0,1,1
"388","wussy",191713,0,1,1
"389","sexs",191753,1,0,0
"390","sexe",192069,1,0,0
"391","nudie",192174,1,0,0
"392","sexstars",192303,1,0,0
"393","dickheads",195112,1,0,1
"394","arseholes",195229,1,0,0
"395","assfucked",195321,1,0,0
"396","schmucks",196671,0,1,1
"397","shittiest",196909,1,0,1
"398","assfucking",198574,1,0,0
"399","wanked",198631,1,0,1
"400","ejaculations",198847,0,1,1
"401","sniggering",200398,0,1,0
"402","sexily",201733,1,0,1
"403","crappies",201977,1,0,1
"404","slobbery",202309,0,1,1
"405","barebacking",202670,0,1,0
"406","nsfw",202719,1,0,0
"407","fucktard",203148,1,0,0
"408","bastardization",204489,0,1,1
"409","crapware",204862,1,0,0
"410","fuckfest",205364,1,0,0
"411","fapping",205646,1,0,0
"412","cocksure",205805,1,0,1
"414","bigcock",206519,1,0,0
"415","squirters",206533,1,0,0
"416","squaw",207219,1,0,1
"417","sexpot",207581,1,0,1
"418","floozy",208101,0,1,1
"419","boobie",208949,1,0,0
"420","wino",209229,0,1,1
"421","bitchiness",210283,1,0,1
"422","sexi",210321,1,0,0
"423","poppycock",211426,1,0,1
"424","damns",211435,1,0,1
"425","fuckery",211648,1,0,0
"426","sext",213864,1,0,0
"427","wenches",214026,0,1,1
"428","ejaculatory",214690,0,1,1
"429","meathead",214838,0,1,1
"430","porns",215559,1,0,0
"431","assfuck",216571,1,0,0
"432","dickish",216897,1,0,0
"433","nudibranchs",216991,1,0,0
"434","cuckolded",217012,1,0,1
"435","fornicating",217559,0,1,1
"436","masterbate",218094,1,0,0
"437","suckin",219367,1,0,0
"438","lechon",219984,0,1,0
"439","barfed",220012,0,1,1
"440","cockeyed",220046,1,0,1
"441","gangbangers",220325,1,0,0
"442","flamer",220433,0,1,1
"443","multivibrator",220923,1,0,0
"444","horniness",220992,1,0,0
"445","arsenite",222626,1,0,0
"446","fuckwit",222729,1,0,0
"447","motherfuckin",222909,1,0,0
"448","douchebaggery",223185,1,0,0
"449","poopers",223369,0,1,0
"450","squirter",225177,1,0,0
"451","cockhead",225540,1,0,0
"452","pussys",226013,1,0,0
"453","sexgraphy",226504,1,0,0
"454","sickos",226549,0,1,1
"455","stroppy",226996,0,1,1
"456","cockle",227581,1,0,1
"457","crackheads",228097,0,1,1
"458","fornicators",228583,0,1,1
"460","damndest",230290,1,0,0
"461","shittier",231152,1,0,1
"463","youfuck",233088,1,0,0
"464","sexploitation",233890,1,0,0
"465","sucka",234779,1,0,0
"466","cuming",235634,1,0,0
"467","belched",236353,0,1,1
"468","fornicate",238034,0,1,1
"469","scroungers",238444,0,1,1
"470","chickenshit",238511,1,0,1
"471","kike",240058,1,0,1
"472","dimwits",241010,0,1,1
"473","yobs",241665,0,1,1
"474","trannys",243462,1,0,0
"475","sextube",246531,1,0,0
"476","cocksuckers",251459,1,0,1
"477","cockamamie",251653,1,0,1
"478","sexvideo",252897,1,0,0
"479","fcuk",254535,1,0,0
"480","bullshitthis",254645,1,0,0
"481","spitter",255674,0,1,0
"482","shitheads",255707,1,0,1
"483","dogshit",256890,1,0,0
"484","bigboobs",257008,1,0,0
"485","suckage",257545,1,0,0
"486","poofs",259379,0,1,1
"487","douching",259501,1,0,1
"488","strophe",260543,0,1,1
"489","pedophilic",261370,0,1,0
"490","shitloads",261762,1,0,0
"491","fucktards",264252,1,0,0
"492","leches",265785,0,1,1
"493","belches",266594,0,1,1
"494","mindfuck",267918,1,0,0
"495","spittin",268472,0,1,0
"496","shitfaced",268567,1,0,1
"497","fuckup",268831,1,0,0
"498","denudation",273272,1,0,1
"499","sonofabitch",274660,1,0,0
"500","dipshits",274794,1,0,0
"501","petcock",275108,1,0,1
"502","nudum",277130,1,0,0
"503","gayporn",278284,1,0,0
"504","asswipe",278410,1,0,0
"506","youjizz",278862,1,0,0
"507","darkies",280473,1,0,1
"508","rapeporn",283092,1,0,0
"509","fuckwits",286286,1,0,0
"510","sluttish",287091,0,1,1
"511","gangbanger",288021,1,0,0
"512","crunchies",289612,0,1,0
"513","menudo",291065,1,0,0
"514","cuckolds",291503,1,0,1
"515","spitball",292860,0,1,1
"516","dicky",292967,1,0,0
"517","stopcock",293090,1,0,1
"518","craptacular",295873,1,0,0
"519","chapcrap",295989,1,0,0
"520","yob",296245,0,1,1
"521","titts",296281,1,0,0
"522","milker",297096,0,1,1
"523","whoredom",297271,0,1,0
"524","tightwad",297966,0,1,1
"525","tittie",298097,1,0,0
"526","masturbators",299756,1,0,0
"527","tittied",302216,1,0,0
"528","meatheads",304107,0,1,1
"529","boobage",304282,1,0,0
"530","cumswapping",305485,1,0,0
"531","suckable",305900,1,0,0
"532","sexxy",308123,1,0,0
"533","wusses",308946,0,1,1
"534","sexporn",310285,1,0,0
"535","pubescence",310993,1,0,1
"536","goddamnit",311224,1,0,0
"537","fatso",311688,0,1,1
"538","cummin",311736,1,0,0
"539","winos",311904,0,1,1
"540","stropping",313254,0,1,1
"541","sexhub",314251,1,0,0
"542","boozers",314269,0,1,1
"543","sexta",314763,1,0,0
"544","suckering",314925,1,0,1
"545","shitshow",318849,1,0,0
"546","cockade",318917,1,0,1
"547","shonky",319155,0,1,0
"548","wanky",319936,1,0,0
"549","trollop",321229,0,1,1
"550","suckiness",322455,1,0,0
"551","fartsy",323048,1,0,0
"552","farty",323374,1,0,0
"553","sourpuss",323497,1,0,1
"554","bullshitter",324482,1,0,1
"555","makushita",324645,1,0,0
"556","sexincest",325381,1,0,0
"557","foodporn",326876,1,0,0
"558","dickinson",327488,1,0,0
"559","gotporn",327500,1,0,0
"560","shithouse",329459,1,0,0
"561","lechery",329866,0,1,1
"562","decocker",329874,1,0,0
"563","sexvideos",331465,1,0,0
"564","fartlek",333221,1,0,0
"565","whored",333907,0,1,0
"566","spittoon",334740,0,1,1
"567","crappiness",335974,1,0,0
"568","cockfight",338766,1,0,1
"569","wankery",339311,1,0,0
"570","nuda",342712,1,0,0
"571","fornicator",342853,0,1,1
"572","slobbered",344615,0,1,1
"573","milkers",346619,0,1,1
"574","barfly",347363,0,1,1
"575","sextoy",351484,1,0,0
"576","sexcapades",352146,1,0,0
"577","faggy",352239,0,1,0
"578","titfuck",354312,1,0,0
"579","scrounger",354324,0,1,1
"580","dickey",354427,1,0,1
"581","boozed",355369,0,1,1
"582","halfwit",356150,0,1,1
"583","bastardised",358381,0,1,0
"584","crapy",359403,1,0,0
"585","pooed",362239,0,1,1
"586","cucks",362499,1,0,0
"587","spitz",362829,0,1,0
"588","cockers",366835,1,0,0
"589","suckas",367023,1,0,0
"590","bastardize",367474,0,1,1
"591","strophes",368486,0,1,1
"592","muthafucka",371816,1,0,0
"593","shitbag",372278,1,0,0
"594","kikes",372467,1,0,1
"595","sluttiest",376979,0,1,1
"596","mishit",378781,1,0,1
"598","pukey",380266,0,1,0
"599","clitty",380792,1,0,0
"600","fuckhole",381451,1,0,0
"601","cummy",382685,1,0,0
"602","shitposting",383075,1,0,0
"603","boink",383324,0,1,1
"604","pornfree",383406,1,0,0
"605","fuckups",387114,1,0,0
"606","bigdick",388277,1,0,0
"607","shecock",388752,1,0,0
"608","fuckton",389525,1,0,0
"609","muthafuckin",389741,1,0,0
"610","spitballs",390836,0,1,1
"611","masterbatch",393530,1,0,0
"612","sextoys",396226,1,0,0
"613","fuckhead",397238,1,0,1
"614","dumbfuck",398450,1,0,0
"615","damnably",398566,1,0,1
"616","sumbitch",398954,1,0,0
"617","horndog",401848,0,1,0
"618","pornsite",403042,1,0,0
"619","bastardy",403820,0,1,1
"620","sexx",403885,1,0,0
"621","stinkhorns",404362,0,1,0
"623","dumbshit",404981,1,0,0
"624","squaws",405135,1,0,1
"625","dicker",405745,1,0,1
"626","faggotry",405923,0,1,0
"627","porne",407060,1,0,0
"628","sexxx",408378,1,0,0
"629","phobos",409029,0,1,0
"630","pussyfucking",409197,1,0,0
"631","lecher",410613,0,1,1
"632","spiting",411303,0,1,1
"633","cumfaced",412205,1,0,0
"634","dickie",412279,1,0,0
"635","porny",412899,1,0,0
"636","cumload",413819,1,0,0
"637","jizzing",413993,1,0,0
"638","pussylicking",414938,1,0,0
"639","manwhore",417001,0,1,0
"640","gangbanging",417152,1,0,0
"641","facefuck",417696,1,0,0
"642","boinking",419188,0,1,1
"643","shittiness",419649,1,0,0
"644","douchy",420072,1,0,0
"645","smalltits",420230,1,0,0
"646","shittin",421036,1,0,0
"647","trannie",422477,1,0,0
"648","crapfest",423575,1,0,0
"649","nudez",425298,1,0,0
"650","cockfights",426084,1,0,1
"651","incestporn",426596,1,0,0
"652","fagioli",427523,0,1,0
"653","barfi",428307,0,1,0
"654","dogfart",429363,1,0,0
"655","tittyfuck",430132,1,0,0
"656","horning",430761,1,0,0
"657","whoredoms",430954,0,1,0
"658","spitballing",433767,0,1,0
"659","pussie",435177,1,0,0
"660","spitted",435689,0,1,1
"661","famewhore",436223,0,1,0
"662","hookeri",438211,0,1,0
"663","shity",441773,1,0,0
"664","snots",442015,0,1,1
"665","pornvideo",443949,1,0,0
"666","shitted",445216,1,0,1
"667","dickson",446920,1,0,0
"668","cumm",447187,1,0,0
"669","barfs",448254,0,1,1
"670","dickies",449911,1,0,0
"671","camwhore",451662,0,1,0
"672","sexlife",451836,1,0,0
"673","peacocking",451883,1,0,0
"674","lech",451971,0,1,1
"675","cuckoldry",453306,1,0,1
"676","buttfuck",453678,1,0,0
"677","sideboob",454021,1,0,0
"678","squirty",455121,1,0,0
"680","pube",458252,1,0,0
"681","crapton",460923,1,0,0
"682","sexey",461654,1,0,0
"683","tittles",462081,1,0,1
"684","oik",462350,0,1,1
"685","whoremongers",462992,0,1,0
"687","denuding",467089,1,0,1
"688","dickering",467282,1,0,1
"689","woodcocks",468211,1,0,1
"690","dickless",468268,1,0,0
"691","damningly",468272,1,0,0
"692","upchuck",468773,0,1,1
"693","hoboes",469316,0,1,0
"694","sexxxy",469397,1,0,0
"695","pussey",470424,1,0,0
"696","sexcam",471383,1,0,0
"697","squirtle",472199,1,0,0
"698","jarbarf",472693,0,1,0
"699","denude",472958,1,0,1
"700","sexsex",473385,1,0,0
"701","spitters",475564,0,1,0
"702","suckitude",476179,1,0,0
"703","shitpost",479002,1,0,0
"704","fucktoy",479869,1,0,0
"705","dickwad",480309,1,0,0
"706","fuckbuddy",481886,1,0,0
"707","whorehouses",482479,0,1,1
"708","bullshitters",483182,1,0,1
"709","fuckface",485623,1,0,0
"710","stinkbugs",486269,0,1,1
"711","fouler",486333,0,1,1
"712","fagot",486426,0,1,1
"713","bastardizing",488178,0,1,1
"714","nudeo",488458,1,0,0
"716","brainfart",490356,1,0,0
"717","sexts",491986,1,0,0
"718","halfwits",492531,0,1,1
"719","porneia",493142,1,0,0
"720","stinkiest",493575,0,1,1
"721","fuckstick",495292,1,0,0
"722","shishito",495371,1,0,0
"723","fuckload",496011,1,0,0
"724","barflies",499823,0,1,1
"725","fornications",499975,0,1,0
"726","horseflesh",500276,1,0,1
"727","bitchslap",502120,1,0,0
"728","darkie",502913,1,0,1
"729","sextuple",504283,1,0,0
"730","asswipes",507221,1,0,0
"731","monstercock",513070,1,0,0
"732","shitholes",513108,1,0,0
"733","fucke",513888,1,0,0
"734","cockring",513913,1,0,0
"735","bushite",514713,1,0,0
"736","slutload",515242,0,1,0
"737","pornsex",515994,1,0,0
"738","buttfucking",516049,1,0,0
"739","pornrape",516056,1,0,0
"740","douchenozzle",516744,1,0,0
"742","cucked",519090,1,0,0
"743","cockily",519752,1,0,1
"744","xxxporn",519972,1,0,0
"745","belcher",523313,0,1,0
"746","sexfree",524349,1,0,0
"747","cumene",524398,1,0,0
"748","crappily",524400,1,0,0
"749","cunty",524764,1,0,0
"750","pornincest",525507,1,0,0
"751","facefucking",525723,1,0,0
"752","sluttiness",525755,0,1,0
"753","clitorises",528012,1,0,1
"754","fuckby",528111,1,0,0
"755","fucka",528651,1,0,0
"756","douchbag",529134,1,0,0
"757","gamecock",529302,1,0,1
"758","lechers",529609,0,1,1
"759","mishits",530917,1,0,1
"760","womanizers",531721,0,1,1
"761","freeporn",531798,1,0,0
"762","damnum",531889,1,0,0
"763","floozies",537272,0,1,1
"764","fagged",537518,0,1,1
"765","cumbrous",539111,1,0,1
"766","wankby",539513,1,0,0
"767","dontfuckmyass",539867,1,0,0
"768","sexuals",540512,1,0,0
"769","sexu",541060,1,0,0
"770","lechwe",541343,0,1,0
"771","shitton",541483,1,0,0
"772","pussified",542364,1,0,0
"773","aboslutely",542496,0,1,0
"774","spittoons",545232,0,1,1
"775","fuckheads",545397,1,0,1
"776","sluty",545574,0,1,0
"777","suckiest",546083,1,0,0
"778","agodamn",547223,1,0,0
"779","underboob",551485,1,0,0
"780","throatfuck",551969,1,0,0
"781","gnudi",554835,1,0,0
"782","fuckwad",555312,1,0,0
"783","sexby",555866,1,0,0
"784","hornist",556740,1,0,0
"785","nymphomania",560056,0,1,1
"787","sexto",561242,1,0,0
"789","damnatio",562351,1,0,0
"790","arsenopyrite",562798,1,0,0
"791","cuma",563680,1,0,0
"792","fleshiness",565393,1,0,0
"793","sextiles",566090,1,0,0
"794","sluttier",567089,0,1,1
"795","sextortion",567933,1,0,0
"796","decocking",569560,1,0,0
"797","stinkbug",571393,0,1,1
"798","deepthroated",572177,1,0,0
"799","stinkhorn",578430,0,1,0
"800","oneeyeddick",578880,1,0,0
"801","muthafuckas",579030,1,0,0
"802","shitt",579069,1,0,0
"803","cockscomb",579446,1,0,1
"804","sexytimes",579755,1,0,0
"805","fapdu",580364,1,0,0
"806","cockysimon",581603,1,0,0
"807","pusses",584302,1,0,1
"808","fuckboy",584937,1,0,0
"809","masterbates",586143,1,0,0
"810","sexualy",586233,1,0,0
"811","fuckn",586237,1,0,0
"812","sexbot",586280,1,0,0
"813","sexted",587805,1,0,0
"814","dickishness",587943,1,0,0
"815","lubeltri",589466,1,0,0
"816","cockby",589772,1,0,0
"817","gobshite",590121,1,0,0
"818","bastardisation",590663,0,1,0
"819","seacocks",591119,1,0,0
"820","chinky",591193,1,0,0
"821","bullshits",591515,1,0,1
"822","dicksucking",591742,1,0,0
"823","fuckholes",594786,1,0,0
"824","fleshier",595129,1,0,1
"825","shitbags",596942,1,0,0
"826","stinkier",597062,0,1,1
"828","sexbots",599179,1,0,0
"829","cumber",599195,1,0,1
"830","shitfest",599940,1,0,0
"831","bullshitted",601042,1,0,1
"832","cumslut",603634,1,1,0
"833","weathercock",609111,1,0,1
"834","bitchez",610374,1,0,0
"835","cockblock",610426,1,0,0
"836","sexstory",610924,1,0,0
"837","cummulative",611068,1,0,0
"838","sextapes",611407,1,0,0
"839","sucklings",611821,1,0,1
"840","cuckservative",612042,1,0,0
"841","dumbassery",612862,1,0,0
"842","babcock",612911,1,0,0
"843","fleshless",613352,1,0,0
"844","hookeriana",613892,0,1,0
"845","boinked",620531,0,1,1
"846","godamn",622783,1,0,0
"847","masterbatches",623949,1,0,0
"848","craphole",625553,1,0,0
"849","shittim",629909,1,0,0
"851","fleshpots",631360,1,0,1
"852","shita",632334,1,0,0
"853","sexgraphic",634116,1,0,0
"854","farter",634408,1,0,0
"855","cockriding",635127,1,0,0
"856","grouches",636061,0,1,1
"857","shitters",636941,1,0,0
"858","faps",637447,1,0,0
"859","seacock",637941,1,0,0
"860","fucky",638694,1,0,0
"861","jizzes",638845,1,0,0
"862","shitbox",639252,1,0,0
"863","autococker",639704,1,0,0
"864","pusssy",640735,1,0,0
"865","crappola",641022,1,0,0
"866","shitcanned",641492,1,0,0
"867","shitzu",642096,1,0,0
"868","oiks",644122,0,1,1
"869","pornotube",645015,1,0,0
"870","nymphomaniacs",645908,0,1,1
"871","sexytime",649036,1,0,0
"872","fornicated",651362,0,1,1
"873","pedology",651917,0,1,0
"874","nudey",656870,1,0,0
"875","nudies",658591,1,0,0
"876","spitty",658883,0,1,0
"877","timesuck",660400,1,0,0
"878","fapped",660588,1,0,0
"879","bitchen",661059,1,0,0
"880","boobes",662034,1,0,0
"881","gamecocks",662905,1,0,1
"882","sexyness",663706,1,0,0
"883","pussi",663859,1,0,0
"884","sexchat",664459,1,0,0
"885","sexin",664470,1,0,0
"886","pornmovie",666325,1,0,0
"887","blackcock",670498,1,0,0
"888","cumed",672740,1,0,0
"889","slutting",677383,0,1,0
"890","cuntry",678389,1,0,0
"891","douchiness",678400,1,0,0
"892","arsey",678929,1,0,0
"893","facefucked",679369,1,0,0
"894","admfuckermate",680100,1,0,0
"895","sexpots",680170,1,0,1
"896","cockades",682187,1,0,1
"897","douch",684698,1,0,0
"898","sextets",684699,1,0,1
"899","bitchfest",685549,1,0,0
"901","pornsites",686150,1,0,0
"902","fuckd",686232,1,0,0
"903","suckfest",686619,1,0,0
"904","dickery",689738,1,0,0
"905","cummer",694560,1,0,0
"906","fartleks",694735,1,0,0
"907","pedophiliac",696170,0,1,0
"908","fagots",701782,0,1,1
"909","dickweed",703360,1,0,0
"910","dumbfucks",704790,1,0,0
"911","pornovideo",705583,1,0,0
"912","slutwife",708535,0,1,0
"913","cockup",709183,1,0,0
"914","bitchery",710824,1,0,0
"915","nudi",711208,1,0,0
"916","stopcocks",713255,1,0,1
"917","shitlist",713445,1,0,0
"918","whoremonger",714101,0,1,0
"919","fuckes",717698,1,0,0
"920","mothafucka",717818,1,0,0
"921","bitchs",718477,1,0,0
"922","dickbag",718479,1,0,0
"923","cuckhold",718747,1,0,0
"924","suckout",724470,1,0,0
"925","barfy",725058,0,1,0
"926","manboobs",726102,1,0,0
"927","honkytonk",728341,0,1,0
"928","pornvideos",728746,1,0,0
"929","jackshit",730080,1,0,0
"931","dickgirl",732040,1,0,0
"932","purenudism",733823,1,0,0
"933","sexcapade",737957,1,0,0
"934","ballcock",738399,1,0,1
"935","fingerfucking",738576,1,0,0
"936","mothafuckin",741148,1,0,0
"937","cumbered",745127,1,0,1
"938","floozie",745516,0,1,0
"939","robohobo",748202,0,1,0
"940","cumberbatch",748575,1,0,0
"941","peacockery",748697,1,0,0
"942","damnest",749347,1,0,0
"943","buttfucked",750121,1,0,0
"944","tightwads",750160,0,1,1
"945","agofucking",755508,1,0,0
"946","boobing",756015,1,0,1
"947","nudy",758934,1,0,0
"948","riddick",760494,1,0,0
"949","fornicates",761705,0,1,1
"950","fuckmate",762409,1,0,0
"951","sloboda",763189,0,1,0
"952","snottiness",763982,0,1,1
"953","dickgirls",764947,1,0,0
"954","pussied",766918,1,0,0
"955","douchery",768786,1,0,0
"956","bitchiest",770861,1,0,1
"957","underfucked",771143,1,0,0
"958","fago",772582,0,1,0
"959","bbdshemale",773989,1,0,0
"960","chinkara",774093,1,0,0
"961","cumingii",777294,1,0,0
"962","wops",780510,1,0,1
"963","bitchface",781012,1,0,0
"964","decock",783027,1,0,0
"965","fucki",784772,1,0,0
"966","brainfuck",785428,1,0,0
"967","democraps",793568,1,0,0
"968","crapness",796167,1,0,0
"969","shitpile",796521,1,0,0
"970","sexperts",797281,1,0,0
"971","teenporn",797375,1,0,0
"972","suckerfish",797580,1,0,0
"973","bastardly",798158,0,1,0
"974","cocktease",798735,1,0,0
"975","douchiest",799923,1,0,0
"976","fistfuck",800725,1,0,0
"977","wopping",801486,1,0,0
"978","pussification",801690,1,0,0
"979","nudest",802193,1,0,1
"980","cumfiesta",802429,1,0,0
"981","clube",803147,1,0,0
"982","cunting",804768,1,0,0
"983","cockblocking",805238,1,0,0
"984","puker",809523,0,1,0
"985","fuckings",810274,1,0,0
"986","shitcan",812271,1,0,0
"987","nonude",813483,1,0,0
"988","iridocyclitis",813966,1,0,0
"989","fuckwads",814254,1,0,0
"990","bigboob",815051,1,0,0
"991","bitchier",815963,1,0,1
"992","fuckit",816444,1,0,0
"993","cumpilation",818749,1,0,0
"994","shittest",821322,1,0,0
"995","shitakes",821731,1,0,0
"996","pussyfucked",823360,1,0,0
"997","shitstain",824461,1,0,0
"998","stinkies",824960,0,1,0
"999","squirtings",825538,1,0,0
"1000","sexuelle",825995,1,0,0
"1001","pussylips",827099,1,0,0
"1002","nudus",827303,1,0,0
"1003","snotting",827413,0,1,0
"1004","cocksman",827471,1,0,0
"1005","bitchie",831157,1,0,0
"1006","snottily",834651,0,1,1
"1007","fage",834878,0,1,0
"1008","sexconker",836258,1,0,0
"1009","hugecock",836888,1,0,0
"1010","disocunt",837619,1,0,0
"1011","pussed",838244,1,0,0
"1012","sureporn",838903,1,0,0
"1013","sexpics",840026,1,0,0
"1014","megasquirt",840212,1,0,0
"1015","suckier",842520,1,0,0
"1016","sexsi",842615,1,0,0
"1017","fuckwittery",843147,1,0,0
"1018","stinkeye",843473,0,1,0
"1019","fleshtone",843811,1,0,0
"1020","repukes",844813,0,1,0
"1021","suckish",844924,1,0,0
"1022","fistfucking",847881,1,0,0
"1023","trollops",852721,0,1,1
"1024","fuckking",853183,1,0,0
"1025","craploads",854514,1,0,0
"1026","cockblocked",855345,1,0,0
"1027","peacocky",855617,1,0,0
"1028","tofuck",856098,1,0,0
"1029","cumini",856820,1,0,0
"1030","sexua",857409,1,0,0
"1031","schmuckers",857541,0,1,0
"1032","sexsign",857837,1,0,0
"1033","rehoboth",860367,0,1,0
"1034","enfleshed",860416,1,0,0
"1035","ddamn",862915,1,0,0
"1036","bastardry",863085,0,1,0
"1037","throatfucked",864027,1,0,0
"1038","fuckign",865987,1,0,0
"1039","pornification",866675,1,0,0
"1040","fuckk",867545,1,0,0
"1041","fuckslut",867659,1,1,0
"1042","fartface",867868,1,0,0
"1043","sexbomb",868851,1,0,0
"1044","sexrape",869280,1,0,0
"1045","faggoty",869634,0,1,0
"1046","bitchslapped",870917,1,0,0
"1047","sexsexy",871144,1,0,0
"1048","fagging",871407,0,1,1
"1049","upchucking",872463,0,1,1
"1050","pornified",873683,1,0,0
"1051","horsecrap",874770,1,0,0
"1052","uncocked",876104,1,0,0
"1053","hairypussy",877085,1,0,0
"1054","dumbshits",879867,1,0,0
"1055","cocke",882529,1,0,0
"1056","videoporn",882664,1,0,0
"1057","crappers",886590,1,0,1
"1058","bulshit",886863,1,0,0
"1059","douched",888198,1,0,1
"1060","headfuck",889863,1,0,0
"1061","seminude",889991,1,0,0
"1062","hentaiporn",890408,1,0,0
"1063","cumquat",890705,1,0,0
"1064","sextuplet",890900,1,0,1
"1065","dickwads",890991,1,0,0
"1066","titfucking",892108,1,0,0
"1067","pornici",894371,1,0,0
"1068","dickhole",895393,1,0,0
"1069","suckermouth",898346,1,0,0
"1070","shitz",899330,1,0,0
"1071","groucho",901808,0,1,0
"1072","cumi",901832,1,0,0
"1073","pornoxo",902671,1,0,0
"1074","winofiend",902689,0,1,0
"1075","fuckig",904399,1,0,0
"1076","cumple",905023,1,0,0
"1077","relube",905282,1,0,0
"1078","pukeko",905880,0,1,0
"1079","agofuck",906673,1,0,0
"1080","suckerpunch",908287,1,0,0
"1081","cockier",908686,1,0,1
"1082","spitroasted",910325,0,1,0
"1083","spitless",911113,0,1,0
"1084","rapeporno",911537,1,0,0
"1085","shitballs",912321,1,0,0
"1086","honkyoku",913397,0,1,0
"1087","fuckall",914517,1,0,0
"1088","dickfreckle",916585,1,0,0
"1089","crackwhore",918459,0,1,0
"1090","spittlebugs",920867,0,1,0
"1091","pornporn",921207,1,0,0
"1092","doucher",922285,1,0,0
"1093","cockcrow",923291,1,0,1
"1094","puberulent",923568,1,0,0
"1095","spiti",923885,0,1,0
"1096","cocklebur",927076,1,0,0
"1097","pornaccess",930650,1,0,0
"1098","numskull",930912,0,1,1
"1099","gangbangsquad",932765,1,0,0
"1100","sexay",934782,1,0,0
"1101","shitby",935783,1,0,0
"1102","wenching",936785,0,1,0
"1103","pussytoes",936975,1,0,0
"1104","barfight",937196,0,1,0
"1105","sucktastic",937460,1,0,0
"1106","stinkysaurus",938591,0,1,0
"1107","sexypics",938754,1,0,0
"1108","bullshite",939480,1,0,0
"1109","shited",940585,1,0,0
"1110","cuckservatives",941759,1,0,0
"1111","fuckity",942187,1,0,0
"1112","pussing",945243,1,0,0
"1113","crapulence",945277,1,0,0
"1114","motherfuck",945616,1,0,0
"1115","snowcock",946240,1,0,0
"1116","dickin",946575,1,0,0
"1117","cockiest",946719,1,0,1
"1119","horsecock",947333,1,0,0
"1120","douchbags",948920,1,0,0
"1121","fucktarded",949407,1,0,0
"1122","sonuvabitch",950141,1,0,0
"1123","nudicaulis",951212,1,0,0
"1124","stinkiness",952676,0,1,0
"1125","sexaudition",953702,1,0,0
"1126","masterbated",954404,1,0,0
"1127","sexified",955306,1,0,0
"1128","ejaculator",955652,0,1,0
"1129","tittys",955985,1,0,0
"1130","wankfest",957007,1,0,0
"1131","tittled",957725,1,0,0
"1132","crapes",957857,1,0,1
"1133","bullshiting",960440,1,0,0
"1134","sexp",960931,1,0,0
"1135","mporn",961035,1,0,0
"1136","pussyhole",961049,1,0,0
"1137","cockling",961246,1,0,0
"1138","cucking",964655,1,0,0
"1139","cockies",965116,1,0,0
"1140","shecocks",966274,1,0,0
"1141","fuckimg",967028,1,0,0
"1142","multivibrators",970261,1,0,0
"1143","fingerfuck",974125,1,0,0
"1144","hardfuck",976686,1,0,0
"1145","sexmovies",977910,1,0,0
"1146","bitchby",978329,1,0,0
"1147","sextons",982454,1,0,1
"1148","spittlebug",985395,0,1,0
"1149","suckouts",986600,1,0,0
"1150","crapple",987307,1,0,0
"1151","sourpusses",987845,1,0,1
"1152","gotdamn",988718,1,0,0
"1153","pornprom",988959,1,0,0
"1154","unfuck",989107,1,0,0
"1155","shitstorms",990660,1,0,0
"1156","pornn",993135,1,0,0
"1157","clusterfucks",993467,1,0,0
"1158","cockchafer",993473,1,0,1
"1159","userporn",995906,1,0,0
"1160","underboobs",996139,1,0,0
"1161","analfuck",996926,1,0,0
"1162","dickface",997818,1,0,0
"1163","shittily",998580,1,0,0
"1164","dicke",1000426,1,0,0
"1165","cumswap",1004163,1,0,0
"1166","tubeporn",1005110,1,0,0
"1167","cumby",1005443,1,0,0
"1168","shitheel",1005600,1,0,0
"1169","upskirting",1009456,1,0,0
"1170","sexgraphers",1010060,1,0,0
"1171","petcocks",1010831,1,0,1
"1172","twatter",1012596,0,1,0
"1173","fuckng",1012744,1,0,0
"1174","lecherously",1013378,0,1,1
"1175","recock",1014123,1,0,0
"1176","unfucked",1015604,1,0,0
"1177","suckup",1016013,1,0,0
"1178","shitlaw",1018472,1,0,0
"1179","roughfucked",1018989,1,0,0
"1180","sickout",1019063,0,1,1
"1181","titt",1021087,1,0,0
"1182","sexxxx",1024346,1,0,0
"1183","sexporno",1025539,1,0,0
"1184","upchucked",1026064,0,1,1
"1185","nuder",1026255,1,0,1
"1186","twatted",1028617,0,1,0
"1187","sexdoll",1029811,1,0,0
"1188","frigg",1032128,0,1,0
"1189","pornmovies",1033619,1,0,0
"1190","turday",1035549,1,0,0
"1191","vrporn",1035727,1,0,0
"1192","sexcams",1038453,1,0,0
"1193","sexlessness",1040358,1,0,0
"1194","girlsnude",1043625,1,0,0
"1195","arsenokoitai",1044461,1,0,0
"1196","belcheri",1044600,0,1,0
"1197","boobjob",1045232,1,0,0
"1198","fleshtones",1047463,1,0,0
"1199","sexhot",1048913,1,0,0
"1200","bigcocks",1049420,1,0,0
"1201","mothafuckas",1049516,1,0,0
"1202","boobytraps",1051671,1,0,0
"1203","fuckbox",1051937,1,0,0
"1204","sexsy",1052227,1,0,0
"1205","sexshop",1054491,1,0,0
"1206","booz",1055333,0,1,0
"1207","porna",1055477,1,0,0
"1208","sexforced",1056229,1,0,0
"1209","bumfuck",1058463,1,0,0
"1210","sexphone",1060380,1,0,0
"1211","dickerson",1061433,1,0,0
"1212","oldfarthenry",1064801,1,0,0
"1213","artits",1066005,1,0,0
"1214","sexjapanese",1071380,1,0,0
"1215","crapp",1073771,1,0,0
"1216","throatfucking",1074034,1,0,0
"1217","lechem",1074359,0,1,0
"1218","famewhores",1074856,0,1,0
"1219","boobytrap",1076694,1,0,0
"1220","analfucked",1077179,1,0,0
"1221","nudo",1077282,1,0,0
"1222","shitbird",1077548,1,0,0
"1223","sexdownload",1078656,1,0,0
"1224","booba",1080473,1,0,0
"1225","fuckbuddies",1080582,1,0,0
"1226","spitbull",1081597,0,1,0
"1227","crapulous",1082304,1,0,0
"1228","celebsnude",1084747,1,0,0
"1229","bastardizations",1086222,0,1,1
"1230","bullshitty",1086559,1,0,0
"1231","wopuld",1086810,1,0,0
"1232","hugecocked",1088313,1,0,0
"1233","cumplir",1089765,1,0,0
"1234","fuckability",1092479,1,0,0
"1235","cockrings",1093351,1,0,0
"1236","mouthfuck",1093864,1,0,0
"1237","brushite",1094715,1,0,0
"1238","bastardo",1096328,0,1,0
"1239","genderfuck",1096660,1,0,0
"1240","pussybow",1097600,1,0,0
"1241","sexsite",1098393,1,0,0
"1242","fleshlights",1098769,1,0,0
"1243","gobshites",1098779,1,0,0
"1244","pornsexy",1102316,1,0,0
"1245","twatting",1105841,0,1,0
"1246","pigshit",1106744,1,0,0
"1247","clubes",1108583,1,0,0
"1248","cuntal",1109188,1,0,0
"1249","douchenozzles",1109369,1,0,0
"1250","sexwith",1109729,1,0,0
"1251","boobalicious",1117020,1,0,0
"1252","acocunt",1119401,1,0,0
"1253","sexyandfamous",1119658,1,0,0
"1254","nudibranches",1119693,1,0,0
"1255","nudone",1120132,1,0,0
"1256","arsenates",1120688,1,0,0
"1257","dickby",1122234,1,0,0
"1258","sextastic",1122272,1,0,0
"1259","nonnude",1123298,1,0,0
"1260","homeporn",1123895,1,0,0
"1261","cocksuck",1124899,1,0,0
"1262","slutts",1125734,0,1,0
"1263","douchecanoe",1126066,1,0,0
"1264","chinkapin",1127062,1,0,0
"1265","stinkwood",1129738,0,1,0
"1266","atits",1131423,1,0,0
"1267","damnn",1135329,1,0,0
"1268","sexercise",1135556,1,0,0
"1269","mutherfucker",1135782,1,0,0
"1270","dickory",1136628,1,0,0
"1271","democrap",1137193,1,0,0
"1272","bluberries",1137462,1,0,0
"1273","fuckas",1138192,1,0,0
"1274","cummers",1138201,1,0,0
"1275","fuckwitted",1138405,1,0,0
"1276","sexteen",1141462,1,0,0
"1277","slutwalk",1141891,0,1,0
"1278","cumquats",1142129,1,0,0
"1279","titsbig",1143681,1,0,0
"1280","pornoid",1143892,1,0,0
"1281","tittyfucking",1145544,1,0,0
"1282","titten",1148155,1,0,0
"1283","tittties",1148572,1,0,0
"1284","shitlord",1149464,1,0,0
"1285","grouching",1149611,0,1,1
"1286","uniboob",1150848,1,0,0
"1287","spitroast",1151517,0,1,0
"1288","decocked",1151523,1,0,0
"1289","bitchesanother",1151625,1,0,0
"1290","porncraft",1151628,1,0,0
"1291","assfucks",1154827,1,0,0
"1292","cummunity",1155409,1,0,0
"1293","fuckdoll",1157763,1,0,0
"1294","rapeporntube",1157905,1,0,0
"1295","bullshittery",1158941,1,0,0
"1296","deshita",1159017,1,0,0
"1297","whoreson",1159527,0,1,0
"1298","selfsuck",1161394,1,0,0
"1299","bugfuck",1161758,1,0,0
"1300","fatsos",1162152,0,1,1
"1301","sexmom",1164787,1,0,0
"1302","cowshit",1166509,1,0,0
"1303","fappening",1167989,1,0,0
"1304","douchebaggy",1169743,1,0,0
"1305","cumloads",1169835,1,0,0
"1306","reddick",1173512,1,0,0
"1307","denudata",1175902,1,0,0
"1308","stinketh",1176178,0,1,0
"1309","fuckbook",1176860,1,0,0
"1310","fucknuts",1177512,1,0,0
"1311","cumshow",1178071,1,0,0
"1312","ashitaba",1181622,1,0,0
"1314","sexsites",1185193,1,0,0
"1315","bastardise",1186371,0,1,0
"1316","potranno",1189791,1,0,0
"1317","antiporn",1190624,1,0,0
"1318","stinko",1191158,0,1,0
"1319","cumecs",1191265,1,0,0
"1320","sexie",1191393,1,0,0
"1321","nudelittle",1191405,1,0,0
"1322","fucktoys",1193219,1,0,0
"1323","sexpictures",1194449,1,0,0
"1324","pornostar",1194531,1,0,0
"1325","stinkbait",1194933,0,1,0
"1326","slutz",1195547,0,1,0
"1327","nudesex",1195969,1,0,0
"1328","fucksticks",1196022,1,0,0
"1329","sextupole",1197942,1,0,0
"1330","sexbb",1199046,1,0,0
"1331","comfartable",1199287,1,0,0
"1332","fucknut",1199637,1,0,0
"1333","arsenides",1200317,1,0,0
"1334","shites",1201379,1,0,0
"1335","cumblastcity",1201967,1,0,0
"1336","hornymon",1202855,1,0,0
"1337","fuckboys",1206628,1,0,0
"1338","bitchass",1208875,1,0,0
"1339","faclities",1209424,1,0,0
"1340","hugecocks",1210313,1,0,0
"1341","whorey",1212603,0,1,0
"1342","stinkweed",1214692,0,1,0
"1343","stinken",1215771,0,1,0
"1344","hatefucked",1219651,1,0,0
"1345","cucky",1224498,1,0,0
"1346","sexsomnia",1224853,1,0,0
"1347","nudegirls",1224854,1,0,0
"1348","whoreholes",1225332,0,1,0
"1349","faggit",1225489,0,1,0
"1350","shitposts",1229002,1,0,0
"1351","masterbath",1229153,1,0,0
"1352","slutiest",1230183,0,1,0
"1353","masturbat",1230259,1,0,0
"1354","pornosu",1230433,1,0,0
"1355","gaminwench",1230571,0,1,0
"1356","accunt",1232673,1,0,0
"1357","faggits",1235051,0,1,0
"1358","sucketh",1236251,1,0,0
"1359","sexyby",1236514,1,0,0
"1360","pornasian",1237217,1,0,0
"1361","whoreing",1238012,0,1,0
"1362","pornjapanese",1240253,1,0,0
"1363","twatty",1240457,0,1,0
"1364","shitposters",1242505,1,0,0
"1365","cumshoot",1243169,1,0,0
"1366","sexploits",1243793,1,0,0
"1367","shitness",1243988,1,0,0
"1368","unfuckable",1246285,1,0,0
"1369","fornicata",1246318,0,1,0
"1370","nudewomen",1246360,1,0,0
"1371","fuckoff",1248072,1,0,0
"1372","bluberry",1248224,1,0,0
"1373","boyfriendnudes",1248522,1,0,0
"1374","squawfish",1249885,1,0,0
"1375","jizzy",1251135,1,0,0
"1376","nudeness",1253294,1,0,0
"1377","wankel",1255034,1,0,0
"1378","sonsabitches",1255879,1,0,0
"1379","towelheads",1256261,1,0,0
"1380","forcefuck",1259394,1,0,0
"1381","desnudas",1259931,1,0,0
"1382","spitzerella",1263304,0,1,0
"1383","thoughtsdick",1264085,1,0,0
"1384","sunporno",1264119,1,0,0
"1385","lesbianporn",1268093,1,0,0
"1386","bhagpuss",1268415,1,0,0
"1387","crapcrap",1270482,1,0,0
"1388","mindfucked",1272793,1,0,0
"1389","muthafucker",1273074,1,0,0
"1390","puberulous",1275929,1,0,0
"1391","brainfarts",1277311,1,0,0
"1392","pussyfuck",1277339,1,0,0
"1393","twatt",1277729,0,1,0
"1394","dickbags",1278586,1,0,0
"1395","nudiflora",1280048,1,0,0
"1396","cuntlips",1281049,1,0,0
"1397","clitellum",1285591,1,0,0
"1398","cockk",1285990,1,0,0
"1399","sextic",1287132,1,0,0
"1400","grouchier",1287357,0,1,1
"1401","shito",1290662,1,0,0
"1402","sexaholic",1290698,1,0,0
"1403","denuder",1292016,1,0,0
"1404","pornsharia",1292033,1,0,0
"1405","ashita",1292134,1,0,0
"1406","kuroshitsuji",1292787,1,0,0
"1407","sexynaked",1293062,1,0,0
"1408","stinkbomb",1294653,0,1,0
"1409","pubens",1295203,1,0,0
"1410","sumbitches",1295234,1,0,0
"1411","turdy",1296250,1,0,0
"1412","fagget",1299296,0,1,0
"1413","snotted",1299406,0,1,0
"1414","diflubenzuron",1300930,1,0,0
"1415","boobytrapped",1303945,1,0,0
"1416","birdshit",1304985,1,0,0
"1417","piercedpussy",1305795,1,0,0
"1418","damnnn",1306077,1,0,0
"1419","shitposter",1306601,1,0,0
"1420","skycrapers",1307531,1,0,0
"1421","denudes",1310601,1,0,1
"1422","bigblackcock",1310727,1,0,0
"1423","boobms",1312087,1,0,0
"1424","nudenude",1312549,1,0,0
"1425","dickss",1315410,1,0,0
"1426","poopiebitch",1316375,1,0,0
"1427","nudepics",1317784,1,0,0
"1428","sexpicture",1318005,1,0,0
"1429","cockslut",1320063,1,1,0
"1430","cumblast",1320197,1,0,0
"1431","cockleburs",1320295,1,0,0
"1432","fuckmates",1321287,1,0,0
"1433","cunted",1324282,1,0,0
"1434","medick",1324607,1,0,0
"1435","pussywillow",1324848,1,0,0
"1436","iporntv",1325611,1,0,0
"1437","suckass",1325644,1,0,0
"1438","nudis",1327127,1,0,0
"1439","vporn",1328436,1,0,0
"1440","crapsack",1328581,1,0,0
"1441","hugetits",1329536,1,0,0
"1442","bastardizes",1332673,0,1,1
"1443","sexuall",1333633,1,0,0
"1444","motherfucka",1333878,1,0,0
"1445","nudepictures",1334630,1,0,0
"1446","barfine",1335363,0,1,0
"1447","sexies",1335473,1,0,0
"1448","cuntts",1335527,1,0,0
"1449","sporn",1335608,1,0,0
"1450","cuntt",1337274,1,0,0
"1451","cockups",1339155,1,0,0
"1452","cuckoldress",1339385,1,0,0
"1453","cumfy",1340118,1,0,0
"1454","farters",1340570,1,0,0
"1455","cocksmen",1343455,1,0,0
"1456","repuke",1344525,0,1,0
"1457","slutt",1345071,0,1,0
"1458","tittes",1346805,1,0,0
"1459","toerag",1347720,0,1,1
"1460","nudnik",1348077,1,0,0
"1461","pornpics",1348357,1,0,0
"1462","crappity",1348938,1,0,0
"1463","dickered",1348964,1,0,1
"1464","mindfucking",1349022,1,0,0
"1465","bullshittin",1349066,1,0,0
"1466","porntubes",1351500,1,0,0
"1467","blackdick",1351550,1,0,0
"1468","sexreal",1353881,1,0,0
"1469","mindfucks",1354302,1,0,0
"1470","sexer",1355267,1,0,0
"1471","fartin",1358261,1,0,0
"1472","anudder",1360422,1,0,0
"1473","boobz",1361148,1,0,0
"1474","boobpedia",1362606,1,0,0
"1475","dabitch",1363348,1,0,0
"1476","sluttty",1363350,0,1,0
"1477","desnudo",1363400,1,0,0
"1478","sexgirl",1363637,1,0,0
"1479","cockylatinos",1364880,1,0,0
"1480","bigtitts",1365608,1,0,0
"1482","shitte",1370191,1,0,0
"1483","superslut",1370210,0,1,0
"1484","crappest",1371914,1,0,0
"1485","twatts",1374654,0,1,0
"1486","cumb",1374908,1,0,0
"1487","boinks",1375335,0,1,1
"1488","frigga",1376822,0,1,0
"1489","pornofilme",1379014,1,0,0
"1490","bastardising",1380304,0,1,0
"1491","pussywillows",1381024,1,0,0
"1492","cockks",1381406,1,0,0
"1493","cumputer",1383434,1,0,0
"1494","aboslute",1384198,0,1,0
"1495","shitkicker",1384591,1,0,0
"1496","fuckpole",1384676,1,0,0
"1497","pornreal",1385695,1,0,0
"1498","pornhot",1388705,1,0,0
"1499","numskulls",1390444,0,1,1
"1500","crappin",1391235,1,0,0
"1501","lecha",1391419,0,1,0
"1502","hoboing",1392066,0,1,0
"1503","shittake",1392221,1,0,0
"1504","pussyhats",1392479,1,0,0
"1505","titfucks",1394816,1,0,0
"1506","cockerpoo",1394993,1,0,0
"1507","sexyporn",1396019,1,0,0
"1508","arsenokoites",1397359,1,0,0
"1509","freesluts",1397706,0,1,0
"1510","pornbb",1398509,1,0,0
"1511","sexparty",1399202,1,0,0
"1512","prepubescents",1399793,1,0,1
"1513","bigtitted",1402706,1,0,0
"1514","sexaul",1403171,1,0,0
"1515","whoreby",1404640,0,1,0
"1516","sexperience",1407402,1,0,0
"1517","gozaimashita",1410183,1,0,0
"1518","tittays",1411571,1,0,0
"1519","dickks",1414127,1,0,0
"1520","nudger",1414282,1,0,0
"1521","grouchiest",1414540,0,1,1
"1522","bigcocked",1416073,1,0,0
"1523","porndownload",1416235,1,0,0
"1524","stinkycheese",1417216,0,1,0
"1525","pussyhat",1417599,1,0,0
"1526","sexfilm",1417968,1,0,0
"1527","ebonynude",1419266,1,0,0
"1528","bitchslapping",1420132,1,0,0
"1529","cockold",1420704,1,0,0
"1530","shitface",1421009,1,0,0
"1531","lesbianporno",1426396,1,0,0
"1532","sexpistols",1428836,1,0,0
"1533","sexa",1430699,1,0,0
"1534","pornorape",1430893,1,0,0
"1535","nudewoman",1431969,1,0,0
"1536","nudepicture",1432330,1,0,0
"1537","iporn",1433716,1,0,0
"1538","fuckyou",1434374,1,0,0
"1539","cumberbund",1435931,1,0,0
"1540","douchier",1437572,1,0,0
"1541","grouchily",1437824,0,1,1
"1542","crazyshit",1443672,1,0,0
"1543","lechuguilla",1444210,0,1,0
"1544","cuntish",1444696,1,0,0
"1545","pussyhttp",1445520,1,0,0
"1546","bigayporn",1448172,1,0,0
"1547","freecock",1449650,1,0,0
"1548","sexualz",1450428,1,0,0
"1549","ofart",1451941,1,0,0
"1550","bastarda",1453122,0,1,0
"1551","twatwaffle",1453188,0,1,0
"1552","boobbs",1453630,1,0,0
"1553","spitup",1454592,0,1,0
"1554","douchbaggery",1459038,1,0,0
"1555","puber",1460555,1,0,0
"1556","stinkpot",1462913,0,1,0
"1557","skullfuck",1463428,1,0,0
"1558","pornanytim",1464349,1,0,0
"1559","youngporn",1464393,1,0,0
"1560","sexuel",1467337,1,0,0
"1561","dumbfuckery",1468766,1,0,0
"1562","cocksfoot",1469677,1,0,0
"1563","suckie",1469868,1,0,0
"1564","fleshies",1472471,1,0,0
"1565","stinked",1473584,0,1,0
"1566","squirtin",1473740,1,0,0
"1567","pornmobi",1473911,1,0,0
"1568","nuddy",1475693,1,0,0
"1569","bitchily",1476482,1,0,1
"1570","pussyboy",1476976,1,0,0
"1571","sexposition",1479007,1,0,0
"1572","sexasian",1479225,1,0,0
"1573","fingerfucked",1480538,1,0,0
"1574","nudegrils",1481676,1,0,0
"1575","blooksuckers",1482119,1,0,0
"1576","damnations",1482161,1,0,0
"1577","shitamachi",1482920,1,0,0
"1578","atittude",1485990,1,0,0
"1579","cuckquean",1486179,1,0,0
"1580","towelhead",1486898,1,0,0
"1581","cunthole",1489664,1,0,0
"1582","shitfit",1489907,1,0,0
"1583","farti",1490842,1,0,0
"1584","porngirl",1492909,1,0,0
"1585","itits",1493136,1,0,0
"1586","pornovideos",1493200,1,0,0
"1587","naturaltits",1493996,1,0,0
"1588","sexcom",1495913,1,0,0
"1589","oldfart",1496319,1,0,0
"1590","cumparare",1496541,1,0,0
"1591","cockblocker",1498629,1,0,0
"1592","deadeyedick",1500517,1,0,0
"1593","dickspicks",1501673,1,0,0
"1594","muthafucking",1502224,1,0,0
"1595","highasfuck",1504894,1,0,0
"1596","shitbirds",1506189,1,0,0
"1597","chickenshits",1506801,1,0,1
"1598","pussyeating",1507166,1,0,0
"1599","camwhores",1507197,0,1,0
"1600","clitoromegaly",1508985,1,0,0
"1601","spitoon",1512798,0,1,0
"1602","pornagraphy",1514148,1,0,0
"1603","resluts",1515874,0,1,0
"1604","blacknude",1517396,1,0,0
"1605","bushtits",1520032,1,0,0
"1606","mindfuckery",1520239,1,0,0
"1607","porngirls",1522468,1,0,0
"1608","shittyness",1524166,1,0,0
"1609","pornofree",1527491,1,0,0
"1610","pussssy",1530853,1,0,0
"1611","shiter",1531394,1,0,0
"1612","tittyfucks",1533687,1,0,0
"1613","boobtastic",1534154,1,0,0
"1614","pussu",1535750,1,0,0
"1615","farthe",1539310,1,0,0
"1616","sexygirls",1539409,1,0,0
"1617","pussyby",1541826,1,0,0
"1618","cumdump",1543647,1,0,0
"1619","bitchitude",1543751,1,0,0
"1620","craped",1544698,1,0,0
"1621","jizzhut",1544925,1,0,0
"1622","softporn",1549706,1,0,0
"1623","incestporno",1551059,1,0,0
"1624","nymphomaniacal",1551498,0,1,0
"1625","hookerianum",1552925,0,1,0
"1626","chainsuck",1553418,1,0,0
"1627","nudicaule",1555579,1,0,0
"1628","sextoying",1556709,1,0,0
"1629","pornstache",1562171,1,0,0
"1630","cockleshell",1564334,1,0,1
"1631","snotling",1564985,0,1,0
"1632","adcock",1565419,1,0,0
"1633","shiteous",1565883,1,0,0
"1634","sexly",1566860,1,0,0
"1635","dicken",1567095,1,0,0
"1636","crapstorm",1567739,1,0,0
"1637","pusse",1569238,1,0,0
"1638","sextub",1570000,1,0,0
"1639","cuntries",1570704,1,0,0
"1640","faginea",1572380,0,1,0
"1641","dickriding",1572875,1,0,0
"1642","faget",1573104,0,1,0
"1643","recocking",1573874,1,0,0
"1644","sexuales",1574720,1,0,0
"1645","cumbre",1575655,1,0,0
"1646","tranning",1580373,1,0,0
"1647","boobtube",1581363,1,0,0
"1648","animalporn",1582611,1,0,0
"1649","sexworld",1582633,1,0,0
"1650","ratfucking",1583222,1,0,0
"1651","sexybabes",1583970,1,0,0
"1652","dickweeds",1584146,1,0,0
"1653","cummon",1585046,1,0,0
"1654","fleshjack",1587698,1,0,0
"1655","attittude",1588097,1,0,0
"1656","sexyy",1588899,1,0,0
"1658","crapulent",1590203,1,0,0
"1659","abslutely",1590534,0,1,0
"1660","spitze",1591381,0,1,0
"1661","nudiflorum",1591859,1,0,0
"1662","kikester",1592678,1,0,0
"1663","macadamnut",1593182,1,0,0
"1664","needcockinass",1593304,1,0,0
"1665","wetpussy",1593991,1,0,0
"1666","cumpara",1595928,1,0,0
"1667","sexmovie",1597000,1,0,0
"1668","pussylicked",1600265,1,0,0
"1669","ladyboygold",1600974,1,0,0
"1670","pornofilm",1601792,1,0,0
"1671","faggotty",1602079,0,1,0
"1672","pussology",1603582,1,0,0
"1673","defleshed",1604151,1,0,0
"1674","hornyness",1604662,1,0,0
"1675","grouched",1604739,0,1,1
"1676","bluetits",1606405,1,0,0
"1677","sexanimal",1607835,1,0,0
"1678","dicunt",1608760,1,0,0
"1679","pussyspace",1609518,1,0,0
"1680","spitroasting",1611187,0,1,0
"1681","sexvedio",1613640,1,0,0
"1682","konuda",1614393,1,0,0
"1683","fucko",1614678,1,0,0
"1684","defleshing",1615072,1,0,0
"1685","mutherfucking",1615145,1,0,0
"1686","someshit",1616413,1,0,0
"1687","chashitsu",1618299,1,0,0
"1688","fuckt",1621120,1,0,0
"1689","sexold",1621596,1,0,0
"1690","pornfilm",1623294,1,0,0
"1691","snottiest",1625241,0,1,1
"1692","relubed",1625504,1,0,0
"1693","arsen",1625620,1,0,0
"1694","shitlib",1626728,1,0,0
"1695","pornbig",1628020,1,0,0
"1696","sucke",1628132,1,0,0
"1697","sucki",1632504,1,0,0
"1698","boobless",1632625,1,0,0
"1699","honkytonks",1633203,0,1,0
"1700","sexstories",1634793,1,0,0
"1701","sonovabitch",1636194,1,0,0
"1702","cockburn",1636551,1,0,0
"1703","dickite",1639250,1,0,0
"1704","manflesh",1640164,1,0,0
"1705","cumes",1640469,1,0,0
"1706","crapless",1641292,1,0,0
"1707","snotlings",1642532,0,1,0
"1708","sexys",1644554,1,0,0
"1709","fuckathon",1645385,1,0,0
"1710","pornforced",1646530,1,0,0
"1711","sexgames",1647692,1,0,0
"1712","crapflood",1649658,1,0,0
"1713","sexn",1652357,1,0,0
"1715","sextodecimo",1653067,1,0,0
"1716","pussyplay",1653220,1,0,0
"1717","rednecked",1654611,0,1,0
"1718","cumswallow",1654841,1,0,0
"1719","pornloverx",1655108,1,0,0
"1720","alphaporno",1656427,1,0,0
"1721","nudgings",1656448,1,0,0
"1722","cockamamy",1657545,1,0,0
"1723","wanksta",1659037,1,0,0
"1724","sexgirls",1661566,1,0,0
"1725","snottier",1663496,0,1,1
"1726","anyporn",1666619,1,0,0
"1727","javporn",1667457,1,0,0
"1728","agoblowjob",1667712,1,0,0
"1729","pornografia",1668478,1,0,0
"1730","arseblog",1669880,1,0,0
"1731","dickeys",1670653,1,0,1
"1732","pusser",1671343,1,0,0
"1733","rednecky",1671829,0,1,0
"1734","videosporn",1672292,1,0,0
"1735","jizzster",1677267,1,0,0
"1736","heteroclite",1677482,1,0,0
"1737","mutherfuckers",1678042,1,0,0
"1738","bitchslaps",1678331,1,0,0
"1739","suckaz",1679699,1,0,0
"1740","boober",1681537,1,0,0
"1741","arsenobetaine",1681819,1,0,0
"1742","deadass",1682824,1,0,0
"1743","cumbers",1683168,1,0,1
"1744","fucksake",1684444,1,0,0
"1745","dumbassed",1684643,1,0,0
"1746","arsenious",1685939,1,0,0
"1747","childporn",1686977,1,0,0
"1748","faggoting",1689632,0,1,0
"1749","clitheroe",1690751,1,0,0
"1750","spitta",1692250,0,1,0
"1751","pusst",1693354,1,0,0
"1752","takeshita",1693499,1,0,0
"1753","sexuallity",1694670,1,0,0
"1754","sexstarbook",1695655,1,0,0
"1755","cockyness",1698703,1,0,0
"1756","starfucker",1700092,1,0,0
"1757","nudiest",1700105,1,0,0
"1758","pussywhipped",1701944,1,0,0
"1759","fagisuga",1702927,0,1,0
"1760","gearslutz",1705271,0,1,0
"1761","titsup",1706403,1,0,0
"1762","bitchers",1706423,1,0,0
"1763","batcrap",1707445,1,0,0
"1764","hatefuck",1707908,1,0,0
"1765","cumann",1708686,1,0,0
"1766","twattish",1710259,0,1,0
"1767","asspussy",1711572,1,0,0
"1768","alotporn",1711871,1,0,0
"1769","spitwads",1713294,0,1,0
"1770","wankingby",1716664,1,0,0
"1771","slutbag",1717944,0,1,0
"1772","dagos",1718730,1,0,1
"1773","wankiam",1720675,1,0,0
"1774","shitstains",1721055,1,0,0
"1775","pubescents",1723821,1,0,0
"1776","cockspur",1724153,1,0,0
"1777","moviesporn",1725952,1,0,0
"1778","stitting",1726854,1,0,0
"1779","sucktitude",1727748,1,0,0
"1780","tittanfall",1728470,1,0,0
"1781","bitchboy",1730161,1,0,0
"1782","celebitchy",1730670,1,0,0
"1783","pornteen",1732490,1,0,0
"1784","shitlords",1733181,1,0,0
"1785","maxcuckold",1735553,1,0,0
"1786","fuckiing",1735750,1,0,0
"1787","ejaculators",1737633,0,1,0
"1788","suckah",1743918,1,0,0
"1789","fornicatus",1744049,0,1,0
"1790","fingerfucks",1746268,1,0,0
"1791","cockchafers",1746493,1,0,1
"1792","bestgayporno",1747309,1,0,0
"1793","pervertedness",1750005,0,1,0
"1794","stinkface",1750426,0,1,0
"1795","fuckme",1753353,1,0,0
"1796","jizzload",1753701,1,0,0
"1797","reslut",1754121,0,1,0
"1798","whoremaster",1754430,0,1,0
"1799","crappiei",1759566,1,0,0
"1800","grumpyoldfart",1762013,1,0,0
"1801","pornmovi",1762032,1,0,0
"1802","fagotto",1763007,0,1,0
"1803","pornagraphic",1763399,1,0,0
"1804","porni",1765200,1,0,0
"1805","fucket",1765284,1,0,0
"1806","fuckrape",1770403,1,0,0
"1807","skycraper",1771729,1,0,0
"1808","autocockers",1772327,1,0,0
"1809","kickasstube",1772581,1,0,0
"1810","shitaki",1773643,1,0,0
"1811","sexus",1774529,1,0,0
"1812","sexfight",1775047,1,0,0
"1813","muthafuckers",1775494,1,0,0
"1814","dimwittedness",1776150,0,1,0
"1815","cuminmouth",1776621,1,0,0
"1816","booboisie",1776956,1,0,0
"1817","arsewipe",1777472,1,0,0
"1818","halfwitted",1778406,0,1,0
"1819","thunderpuss",1780218,1,0,0
"1820","pornhost",1781730,1,0,0
"1821","sexyrobot",1782403,1,0,0
"1823","suckups",1785798,1,0,0
"1824","fleshisgrass",1785986,1,0,0
"1825","pornno",1786118,1,0,0
"1826","cumdumpster",1786637,1,0,0
"1827","cumeating",1787650,1,0,0
"1828","perverteth",1789392,0,1,0
"1829","stevepusser",1789434,1,0,0
"1830","slutted",1790886,0,1,0
"1831","cockbig",1791338,1,0,0
"1832","sexter",1794217,1,0,0
"1833","sexgraph",1795748,1,0,0
"1834","shittt",1796281,1,0,0
"1835","cockhungry",1796589,1,0,0
"1836","sexvid",1796808,1,0,0
"1837","aishiteru",1798192,1,0,0
"1838","megaporn",1799175,1,0,0
"1839","painslut",1799524,0,1,0
"1840","cockfighters",1800649,1,0,0
"1841","fuckem",1800905,1,0,0
"1842","sexfuck",1801494,1,0,0
"1843","harshit",1801917,1,0,0
"1844","weathercocks",1804800,1,0,1
"1845","masturbatin",1808347,1,0,0
"1846","deepthroater",1809796,1,0,0
"1847","damnnnn",1810326,1,0,0
"1848","nudepush",1811678,1,0,0
"1849","fape",1812105,1,0,0
"1850","titta",1814315,1,0,0
"1851","blackporn",1814335,1,0,0
"1852","bastardi",1814829,0,1,0
"1853","slutby",1815849,0,1,0
"1854","winows",1815855,0,1,0
"1855","redick",1815871,1,0,0
"1856","suckit",1816121,1,0,0
"1857","stinkhole",1816134,0,1,0
"1858","sonsofbitches",1816421,1,0,1
"1859","sexkcd",1816862,1,0,0
"1860","lechleri",1818983,0,1,0
"1861","sexwife",1820872,1,0,0
"1862","shitheels",1821929,1,0,0
"1863","unfucking",1821972,1,0,0
"1864","cumsprayed",1822642,1,0,0
"1865","sexify",1823037,1,0,0
"1866","sexcraft",1823696,1,0,0
"1867","shitand",1824631,1,0,0
"1868","tittilating",1824835,1,0,0
"1869","buzzcocks",1825341,1,0,0
"1870","schmucky",1826597,0,1,0
"1871","suckhole",1827500,1,0,0
"1872","titfucked",1830586,1,0,0
"1873","sexdating",1831623,1,0,0
"1874","ishitha",1831675,1,0,0
"1875","scockery",1832019,1,0,0
"1876","cocklicking",1832911,1,0,0
"1877","allhomeporn",1833132,1,0,0
"1878","cocksureness",1834311,1,0,0
"1879","sexers",1835453,1,0,0
"1880","fleshand",1837319,1,0,0
"1881","stinkingly",1837900,0,1,0
"1882","sluttery",1838406,0,1,0
"1883","cumstance",1839117,1,0,0
"1884","crapiness",1839266,1,0,0
"1885","pukers",1840246,0,1,0
"1886","sexvids",1840481,1,0,0
"1887","craptop",1842634,1,0,0
"1888","shitass",1844128,1,0,0
"1889","fagg",1845019,0,1,0
"1890","damndelicious",1847825,1,0,0
"1891","shitlibs",1847877,1,0,0
"1892","cockscombs",1848822,1,0,1
"1893","pornpros",1849305,1,0,0
"1894","cumsluts",1851045,1,1,0
"1895","crapby",1854949,1,0,0
"1896","pornporno",1857557,1,0,0
"1897","sexii",1857656,1,0,0
"1898","badcock",1859195,1,0,0
"1899","cockeral",1859234,1,0,0
"1900","butits",1859556,1,0,0
"1901","bumblefuck",1860608,1,0,0
"1902","cockhttp",1863528,1,0,0
"1903","sexgrafia",1864958,1,0,0
"1904","crapshoots",1865625,1,0,0
"1905","fuckfaces",1869185,1,0,0
"1906","shitastic",1870542,1,0,0
"1907","sextupled",1871072,1,0,0
"1908","cocka",1872229,1,0,0
"1909","nudu",1872459,1,0,0
"1910","pussyclothed",1873484,1,0,0
"1911","goatsucker",1873780,1,0,0
"1912","fartglitter",1874227,1,0,0
"1913","haycock",1875754,1,0,1
"1914","sexplay",1876309,1,0,0
"1915","douchie",1877121,1,0,0
"1916","pettitte",1877218,1,0,0
"1917","sexgay",1877267,1,0,0
"1918","pornofilms",1878572,1,0,0
"1919","cockmeat",1879614,1,0,0
"1920","pornlarge",1880707,1,0,0
"1921","gaycockmaster",1881979,1,0,0
"1922","familyporn",1882417,1,0,0
"1923","hornygaydick",1882713,1,0,0
"1924","wilcock",1883099,1,0,0
"1925","godamned",1883994,1,0,0
"1926","sexhost",1885729,1,0,0
"1927","cockshaft",1885801,1,0,0
"1928","crapaud",1886460,1,0,0
"1929","pornosex",1887034,1,0,0
"1930","sexyoung",1887246,1,0,0
"1931","shittastic",1888458,1,0,0
"1932","mikegrouchy",1888568,0,1,0
"1933","sexc",1890693,1,0,0
"1934","sexjapan",1893099,1,0,0
"1935","pornx",1893493,1,0,0
"1936","cockerspaniel",1894311,1,0,0
"1937","craping",1894528,1,0,0
"1938","pornomovies",1901233,1,0,0
"1939","flesher",1901485,1,0,0
"1940","dickplenty",1906152,1,0,0
"1941","shitheap",1907505,1,0,0
"1942","dickheaded",1908733,1,0,0
"1943","unfuckwithable",1909438,1,0,0
"1944","bitchassness",1910172,1,0,0
"1945","tranne",1911385,1,0,0
"1946","sexhd",1912302,1,0,0
"1947","sexthe",1912836,1,0,0
"1948","analfucking",1912891,1,0,0
"1949","suckings",1913011,1,0,0
"1950","spitzak",1913423,0,1,0
"1951","unsuckdcmetro",1915370,1,0,0
"1952","uncock",1916866,1,0,0
"1953","fappable",1919058,1,0,0
"1954","cockblocks",1921209,1,0,0
"1955","bitche",1922371,1,0,0
"1956","sexcy",1922588,1,0,0
"1957","suckerpunched",1923761,1,0,0
"1958","pornoz",1923916,1,0,0
"1959","wankin",1924317,1,0,0
"1960","steamygayporn",1929260,1,0,0
"1961","upskirted",1929318,1,0,0
"1962","chitranna",1929869,1,0,0
"1963","sexyphil",1930138,1,0,0
"1964","pporn",1930182,1,0,0
"1965","winow",1930543,0,1,0
"1966","dickwolves",1930925,1,0,0
"1967","leching",1931382,0,1,1
"1968","holyshit",1933827,1,0,0
"1969","sexyback",1937896,1,0,0
"1970","shitkickers",1940548,1,0,0
"1971","prepubescence",1940973,1,0,1
"1972","pornjapan",1941658,1,0,0
"1973","aycockonxion",1941742,1,0,0
"1974","pornd",1941820,1,0,0
"1975","sextus",1943108,1,0,0
"1976","pocock",1945425,1,0,0
"1977","bigdickvideos",1947164,1,0,0
"1978","postits",1947356,1,0,0
"1979","cuman",1947473,1,0,0
"1980","dicuntur",1947750,1,0,0
"1981","cyberporn",1947804,1,0,0
"1982","cummm",1948265,1,0,0
"1983","pervertedly",1949802,0,1,0
"1984","alphagaycock",1950114,1,0,0
"1985","perverters",1950909,0,1,0
"1986","pornvids",1952441,1,0,0
"1987","givemegaydick",1952664,1,0,0
"1988","missgamecock",1953913,1,0,0
"1989","kinderwhore",1955144,0,1,0
"1990","manwhores",1956271,0,1,0
"1991","ratshit",1956842,1,0,0
"1992","fagus",1958822,0,1,0
"1993","crapemyrtle",1961594,1,0,0
"1994","masturbater",1962902,1,0,0
"1995","doggyfuck",1963508,1,0,0
"1996","yamashita",1965152,1,0,0
"1997","pussying",1966174,1,0,0
"1998","cockin",1968001,1,0,0
"1999","shitboxes",1969238,1,0,0
"2000","suckgaycock",1973205,1,0,0
"2001","sexos",1973349,1,0,0
"2002","boobquake",1974198,1,0,0
"2003","freegaypornos",1974529,1,0,0
"2004","donged",1974841,1,0,1
"2005","bartitsu",1975237,1,0,0
"2006","icrap",1977642,1,0,0
"2007","sexyest",1980811,1,0,0
"2008","sexbig",1980953,1,0,0
"2009","gangbangin",1981448,1,0,0
"2010","jizzum",1983798,1,0,0
"2011","crapmatic",1984122,1,0,0
"2012","sexxi",1984393,1,0,0
"2013","forcefuckers",1984992,1,0,0
"2014","boobery",1986948,1,0,0
"2015","pornodroid",1987502,1,0,0
"2016","snotrocket",1987520,0,1,0
"2017","fuckee",1988359,1,0,0
"2018","fucktastic",1989098,1,0,0
"2019","fleshie",1989334,1,0,0
"2020","suckmymuscle",1989908,1,0,0
"2021","sexdrive",1990679,1,0,0
"2022","bedamned",1993231,1,0,0
"2023","fapd",1994418,1,0,0
"2024","sexeskimo",1994542,1,0,0
"2025","spititual",1994773,0,1,0
"2026","fuckloads",1995547,1,0,0
"2027","suckes",1996410,1,0,0
"2028","cumaru",1996427,1,0,0
"2029","octopussy",1997152,1,0,0
"2030","pornolari",1997550,1,0,0
"2031","pussyrubbing",1999461,1,0,0
"2032","desnudos",1999584,1,0,0
"2033","fuckincest",1999729,1,0,0
"2034","pornyoung",1999734,1,0,0
